2021-01-17T20:29:50Z,Bande organisée,13 Organisé,717QGTmZdkemDaCo1vQHG0,spotify:track:717QGTmZdkemDaCo1vQHG0
2021-01-16T14:34:23Z,Baba O'Riley,The Who,3qiyyUfYe7CRYLucrPmulD,spotify:track:3qiyyUfYe7CRYLucrPmulD
2021-01-13T09:39:45Z,Spark,Vexento,57EO5VGq2uNbHqkaZkp10m,spotify:track:57EO5VGq2uNbHqkaZkp10m
2021-01-12T13:29:12Z,Heart of Gold,NOWË,0PooDfoXX3oxuTGyug9fDs,spotify:track:0PooDfoXX3oxuTGyug9fDs
2021-01-10T10:21:57Z,Travelin',Vexento,6DUUnS2lurDQaHE1kslQi4,spotify:track:6DUUnS2lurDQaHE1kslQi4
2021-01-08T22:26:23Z,Edge,Rezz,4pCvnGkf7jveRMKHZosxxB,spotify:track:4pCvnGkf7jveRMKHZosxxB
2021-01-08T16:24:13Z,Remember Me,ALYGIA,0NTcTTh2Q9qAMCvgob3LvB,spotify:track:0NTcTTh2Q9qAMCvgob3LvB
2021-01-08T14:31:17Z,Lovers For The Weekend,John De Sohn,7FvfODgUxsxQNDaYDEboIL,spotify:track:7FvfODgUxsxQNDaYDEboIL
2021-01-08T14:13:36Z,Fairytale Gone Bad,Marcus Layton,7jora6FWIOlNM4lAsBHR1q,spotify:track:7jora6FWIOlNM4lAsBHR1q
2021-01-08T10:40:52Z,The Wonder Of You,Villagers,3gwurt17Arq2OTWaM7qZPW,spotify:track:3gwurt17Arq2OTWaM7qZPW
2021-01-07T16:04:27Z,Angeles,Elliott Smith,0Ziohm1Ku8E2yUDYoclfhO,spotify:track:0Ziohm1Ku8E2yUDYoclfhO
2021-01-07T15:05:42Z,Don't You Want Me,Bahamas,6gREYnl1rgTBE06YIDZheT,spotify:track:6gREYnl1rgTBE06YIDZheT
2021-01-07T13:33:01Z,The Wind,Yusuf / Cat Stevens,1rHMg7t3LICgfTl2OsDn46,spotify:track:1rHMg7t3LICgfTl2OsDn46
2021-01-07T13:28:40Z,Stay Alive,José González,0ZNYGrmcehorhh9JOeg5Iv,spotify:track:0ZNYGrmcehorhh9JOeg5Iv
2021-01-07T10:09:48Z,Long Nights,Eddie Vedder,4lxGVzcUaSF5HW5jtWnShV,spotify:track:4lxGVzcUaSF5HW5jtWnShV
2021-01-05T08:22:47Z,The Basis,Lack Of Afro,3seoFkiuUwCVrjnPpp4jRb,spotify:track:3seoFkiuUwCVrjnPpp4jRb
2021-01-03T18:22:20Z,Always on My Mind,Marbert Rocel,02X86Z19XydyPqKpGLyOdM,spotify:track:02X86Z19XydyPqKpGLyOdM
2020-12-29T07:22:42Z,Sirens - Extended Version,Monolink,6P3PZYn8l4kQWI6aGLZzez,spotify:track:6P3PZYn8l4kQWI6aGLZzez
2020-12-26T13:06:59Z,Late Night - Original Mix,Stoto,3SDOsObJShc4bklac1kuka,spotify:track:3SDOsObJShc4bklac1kuka
2020-12-26T09:30:34Z,Tankwa Town,Oliver Koletzki,55kDJdv7pymmG4URJlVTYR,spotify:track:55kDJdv7pymmG4URJlVTYR
2020-12-25T22:40:22Z,Karma,Naâman,3rmYRJfWYAdKDei4yegdk1,spotify:track:3rmYRJfWYAdKDei4yegdk1
2020-12-25T22:27:20Z,Smek - Rey&Kjavik Remix,Ÿuma,1PyfWp1rg8omX2DOtg65pR,spotify:track:1PyfWp1rg8omX2DOtg65pR
2020-12-25T22:23:59Z,Mosaïque,Ash,3bbqxT5UGZsvTy1r3txs0t,spotify:track:3bbqxT5UGZsvTy1r3txs0t
2020-12-25T22:04:32Z,Cumbia Sobre el Mar - El Búho Remix,Quantic,0HdHd5mJlqFqv8PqAGDsEw,spotify:track:0HdHd5mJlqFqv8PqAGDsEw
2020-12-22T16:17:01Z,Atab (Hadi Zeidan Remake),Shab Abed,65Y7cq49OXBR5HpPxTSvBH,spotify:track:65Y7cq49OXBR5HpPxTSvBH
2020-12-22T11:08:51Z,If You Stay,Alex Hepburn,0QX03P89kiZIdg1h2UYERo,spotify:track:0QX03P89kiZIdg1h2UYERo
2020-12-18T15:49:53Z,Walking in the Air,Waveshaper,0Mhf36VpnPHUtAwyqOHqcM,spotify:track:0Mhf36VpnPHUtAwyqOHqcM
2020-12-18T08:46:27Z,Battle Cry,Jedi Mind Tricks,3iZc0giQC5ySLgbJ6gQFEl,spotify:track:3iZc0giQC5ySLgbJ6gQFEl
2020-12-18T08:06:08Z,Design in Malice,Jedi Mind Tricks,6Z9syPcYlnUvpMgmjQydIG,spotify:track:6Z9syPcYlnUvpMgmjQydIG
2020-12-17T15:49:34Z,End of Days,Vinnie Paz,6zucgMkRLsGgNIN8o0qX0W,spotify:track:6zucgMkRLsGgNIN8o0qX0W
2020-12-17T15:31:40Z,Would You Maybe - Extended Mix,Platinum Doug,7flHkENBLFHqj9HX4x54yb,spotify:track:7flHkENBLFHqj9HX4x54yb
2020-12-17T15:02:34Z,Play with Me,Platinum Doug,6KPBjmKlmSvNxY9VI8INkZ,spotify:track:6KPBjmKlmSvNxY9VI8INkZ
2020-12-17T14:41:10Z,Play with Me - Radio Mix,Platinum Doug,7lBZ4c3Rn3jaCYUmPe1ygv,spotify:track:7lBZ4c3Rn3jaCYUmPe1ygv
2020-12-17T14:21:47Z,Funking Around,Me & My Toothbrush,2glRwrbsXM6p1AW1UESGtS,spotify:track:2glRwrbsXM6p1AW1UESGtS
2020-12-17T14:08:29Z,The Model - 2009 Remaster,Kraftwerk,1FL9DHDSED6lxNMDJUJQvB,spotify:track:1FL9DHDSED6lxNMDJUJQvB
2020-12-17T13:42:01Z,Tour de France - 2009 Remaster,Kraftwerk,5uNlgK7FEg6r9BGy12P9Sx,spotify:track:5uNlgK7FEg6r9BGy12P9Sx
2020-12-17T10:01:53Z,Coup de tête,Bon Entendeur,70BytYu52Hnt0w8GfcOR7b,spotify:track:70BytYu52Hnt0w8GfcOR7b
2020-12-17T08:54:29Z,Ghostkeeper,Klangkarussell,13EMVBU1hcy5yJdX1Xhf9a,spotify:track:13EMVBU1hcy5yJdX1Xhf9a
2020-12-16T15:31:06Z,Full Moon,Summer Trips,2gZIUNojoLszdjKbJqzEua,spotify:track:2gZIUNojoLszdjKbJqzEua
2020-12-16T10:05:45Z,Miniyamba,Yeahman,5LLfL25W8ELqVXOLBhkJOP,spotify:track:5LLfL25W8ELqVXOLBhkJOP
2020-12-16T10:03:34Z,Lady,Guacáyo,1VBLGqPv2Wo72x8w5jn5Up,spotify:track:1VBLGqPv2Wo72x8w5jn5Up
2020-12-16T09:33:03Z,Una Mattina,Ash,42MVaS7YXlnjRqZBdDcr4Q,spotify:track:42MVaS7YXlnjRqZBdDcr4Q
2020-12-16T09:25:02Z,Le mystère abyssal,MPL,1VDZX8uZ5MCqhNA5LtuHxu,spotify:track:1VDZX8uZ5MCqhNA5LtuHxu
2020-12-16T09:14:53Z,Vivre,47ter,1RCBTBrZMvbtlqZeZH1nzT,spotify:track:1RCBTBrZMvbtlqZeZH1nzT
2020-12-16T08:41:33Z,Ding Dong Thing,Felix Laband,3pG3KCxfWVtYVjJ7inOFKx,spotify:track:3pG3KCxfWVtYVjJ7inOFKx
2020-12-15T13:45:08Z,Masked Heroes,Vexento,0AmtCO7OGWwOM4bmBcpFWL,spotify:track:0AmtCO7OGWwOM4bmBcpFWL
2020-12-15T11:00:27Z,The Riddle Anthem - Rework,Mike Candys,4E18v8nVzQCeZBAGMZOtCI,spotify:track:4E18v8nVzQCeZBAGMZOtCI
2020-12-15T08:35:07Z,Hypnotized,Purple Disco Machine,0vWUhCPxpJOJR5urYbZypB,spotify:track:0vWUhCPxpJOJR5urYbZypB
2020-12-15T08:10:26Z,Shipwreck,Klangkarussell,4nzXOL0cDe90TzBB1ZKIBT,spotify:track:4nzXOL0cDe90TzBB1ZKIBT
2020-12-14T18:05:37Z,Ain't Got No,David Penn,6OuYQqwQBtg4su28lxkDkf,spotify:track:6OuYQqwQBtg4su28lxkDkf
2020-12-14T17:37:55Z,Numb,Elderbrook,2cdCC1aCXbvz9tXFOR6CxR,spotify:track:2cdCC1aCXbvz9tXFOR6CxR
2020-12-10T10:01:05Z,JITL,Gaël Faye,6xCN5vwcJJCltmDaS8fUvJ,spotify:track:6xCN5vwcJJCltmDaS8fUvJ
2020-12-10T09:55:27Z,Histoire d'amour,Gaël Faye,1O5B2gDKqW46umrfQjTsxs,spotify:track:1O5B2gDKqW46umrfQjTsxs
2020-12-09T13:13:22Z,Violin Tsunami,Kishi Bashi,6BHn2p6duA4GBLwfBAE387,spotify:track:6BHn2p6duA4GBLwfBAE387
2020-12-09T13:05:21Z,Den Den City,Nawel Ben Kraîem,2RABLXLfz3jbyu6o8EPd7a,spotify:track:2RABLXLfz3jbyu6o8EPd7a
2020-12-09T11:10:04Z,Qwerty,Gaël Faye,2uYJxh8UAigSJXmUdsrV8d,spotify:track:2uYJxh8UAigSJXmUdsrV8d
2020-12-09T09:53:42Z,Petit pays,Gaël Faye,0uYQzkuCFewRsriDK7oDIz,spotify:track:0uYQzkuCFewRsriDK7oDIz
2020-12-09T09:42:47Z,Lundi Méchant,Gaël Faye,1UrXxVqyLlg6IXUitwyyuw,spotify:track:1UrXxVqyLlg6IXUitwyyuw
2020-12-09T09:42:33Z,Tôt le matin,Gaël Faye,44P75p1gtECmB1T1eJ7tFy,spotify:track:44P75p1gtECmB1T1eJ7tFy
2020-12-02T13:15:31Z,La corrida - Remastered,Francis Cabrel,5MtP6QGoOkA1L5ynZyQEiv,spotify:track:5MtP6QGoOkA1L5ynZyQEiv
2020-12-01T09:08:56Z,Somebody to Love,SRTW,7b57hGeEYankNMNi2P0mpZ,spotify:track:7b57hGeEYankNMNi2P0mpZ
2020-11-30T14:17:00Z,Orange,Napkey,2hDh3bYshCt0VvAWA2990q,spotify:track:2hDh3bYshCt0VvAWA2990q
2020-11-30T11:11:34Z,Close To Me,Frédéric Magnon,4IaBCSUd5pqneXTo7nC19X,spotify:track:4IaBCSUd5pqneXTo7nC19X
2020-11-30T10:32:58Z,Red Horizon,Summer Trips,6EXOGiQM3DxZOLD6kklLsi,spotify:track:6EXOGiQM3DxZOLD6kklLsi
2020-11-30T10:04:18Z,Oriental,Montezuma,381irQKEf8HKozGNw8AX8X,spotify:track:381irQKEf8HKozGNw8AX8X
2020-11-30T08:28:37Z,Filer au soleil,An'Om,6jM7wKQpfnvnXemo7Z6nxC,spotify:track:6jM7wKQpfnvnXemo7Z6nxC
2020-11-24T16:17:29Z,Toi va là-bas,Naza,1DoOIuxif7aNWzADpolxuR,spotify:track:1DoOIuxif7aNWzADpolxuR
2020-11-24T13:38:40Z,T'as pas idée,Naza,7imBenPZfI7eoMovWzpOPf,spotify:track:7imBenPZfI7eoMovWzpOPf
2020-11-24T10:39:19Z,Faut pardonner,Naza,2BwQ6Qizq49QKAmcNgjNJL,spotify:track:2BwQ6Qizq49QKAmcNgjNJL
2020-11-16T11:09:07Z,Put Your Records On,Ritt Momney,6AGOKlMZWLCaEJGnaROtF9,spotify:track:6AGOKlMZWLCaEJGnaROtF9
2020-11-10T16:22:31Z,Breathe Slow,Broken Back,1VFiP5xtBdIdV3OY2aEjNh,spotify:track:1VFiP5xtBdIdV3OY2aEjNh
2020-11-10T15:54:56Z,Excuses,Broken Back,3ZqIhBa1ArLhkDrMOQfUNa,spotify:track:3ZqIhBa1ArLhkDrMOQfUNa
2020-11-10T15:03:32Z,Time Is to Rebel,Naâman,4hvPCiGs2ljFW6jgoIawW3,spotify:track:4hvPCiGs2ljFW6jgoIawW3
2020-11-10T14:58:40Z,Young Souls,Broken Back,7p2RlyF403KmPmZm2TxKl3,spotify:track:7p2RlyF403KmPmZm2TxKl3
2020-11-09T17:32:20Z,J'arrive,Ben Mazué,2t7Nxk7foeLUV60pcvaweZ,spotify:track:2t7Nxk7foeLUV60pcvaweZ
2020-11-09T16:53:21Z,Quand je marche,Ben Mazué,5d1fRuGL7Vz0TNu8OSS2Fo,spotify:track:5d1fRuGL7Vz0TNu8OSS2Fo
2020-11-05T22:16:04Z,Israelites,Desmond Dekker,0di7hMT6o1ogeUN1XDB9Ft,spotify:track:0di7hMT6o1ogeUN1XDB9Ft
2020-11-04T15:26:22Z,The Late Great Cassiopia,The Essex Green,7piXnlc8m2pqmFHU1Xt1lY,spotify:track:7piXnlc8m2pqmFHU1Xt1lY
2020-11-04T14:50:05Z,The Ghost Inside,Broken Bells,32fmQsWSAaDas2MJRyMSGG,spotify:track:32fmQsWSAaDas2MJRyMSGG
2020-11-04T14:03:52Z,Bohemian Like You,The Dandy Warhols,0yEhNqCwEfy8LHUmnZoHpP,spotify:track:0yEhNqCwEfy8LHUmnZoHpP
2020-11-04T13:47:24Z,Dance Yrself Clean,LCD Soundsystem,2cmRpmO04TLaKPzmAzySYZ,spotify:track:2cmRpmO04TLaKPzmAzySYZ
2020-11-04T13:36:20Z,O.N.E.,Yeasayer,7pDsJ09zkRr6A2KdLW6m9A,spotify:track:7pDsJ09zkRr6A2KdLW6m9A
2020-11-03T16:56:18Z,Dans mon délire (feat. Heuss L'enfoiré & Soolking),Black M,1ECTs0JLsQPgrC6dRFntkj,spotify:track:1ECTs0JLsQPgrC6dRFntkj
2020-11-02T17:23:33Z,you broke me first,Tate McRae,45bE4HXI0AwGZXfZtMp8JR,spotify:track:45bE4HXI0AwGZXfZtMp8JR
2020-11-02T17:08:52Z,Jerusalema (feat. Nomcebo Zikode),Master KG,2MlOUXmcofMackX3bxfSwi,spotify:track:2MlOUXmcofMackX3bxfSwi
2020-11-02T10:05:23Z,Joli bébé,Naza,6ARJHbYGKNatxHVghTkWWp,spotify:track:6ARJHbYGKNatxHVghTkWWp
2020-11-01T15:21:38Z,Your Hands (Together),The New Pornographers,6dF0VLtLe6De30w17TMquI,spotify:track:6dF0VLtLe6De30w17TMquI
2020-10-30T17:24:27Z,Galvanize,The Chemical Brothers,4bz7uB4edifWKJXSDxwHcs,spotify:track:4bz7uB4edifWKJXSDxwHcs
2020-10-29T15:45:18Z,Question réponse,Worakls,5bsqVWz1HriB7VTkUyPHRC,spotify:track:5bsqVWz1HriB7VTkUyPHRC
2020-10-29T14:32:19Z,Petite - Einmusik Remix,NTO,6OFz8IFZgDQnlAzYgjYXcM,spotify:track:6OFz8IFZgDQnlAzYgjYXcM
2020-10-29T14:01:52Z,Red Dressed,Worakls,4PQNQNBovaVadxJJney0qB,spotify:track:4PQNQNBovaVadxJJney0qB
2020-10-29T13:14:30Z,Calentita,The Limiñanas,0MYCrsAFlIGtVcfxlCEzah,spotify:track:0MYCrsAFlIGtVcfxlCEzah
2020-10-26T08:51:26Z,Heroes & Legends,Nhyx,1qrtJ9R1Lb4rVJVpcMzJcc,spotify:track:1qrtJ9R1Lb4rVJVpcMzJcc
2020-10-23T15:27:43Z,Reykjavik,Joachim Pastor,4HadYIhNfy7evMUI5W6wEc,spotify:track:4HadYIhNfy7evMUI5W6wEc
2020-10-23T12:43:24Z,Alphaville,Nhyx,1Y0xu2BLeWjAzE0rSqRTWB,spotify:track:1Y0xu2BLeWjAzE0rSqRTWB
2020-10-23T11:52:47Z,Fuji,Nhyx,1XJYhGWNqq69dUKCiUKGJj,spotify:track:1XJYhGWNqq69dUKCiUKGJj
2020-10-22T11:56:59Z,Amnésie,Nhyx,1mJq3tpVwEQF1Bxmo4A8tk,spotify:track:1mJq3tpVwEQF1Bxmo4A8tk
2020-10-21T16:37:51Z,Écho,Nhyx,3y7lV47k0fIQ2hH5bz7hr4,spotify:track:3y7lV47k0fIQ2hH5bz7hr4
2020-09-25T14:47:54Z,Light Up The Weekend,Ben Sass,3Op7fis5MGTryTzOCRZWRk,spotify:track:3Op7fis5MGTryTzOCRZWRk
2020-09-19T10:33:16Z,The Bomb,Pigeon John,7nrB9RHZrjtSjv98UXZ5cc,spotify:track:7nrB9RHZrjtSjv98UXZ5cc
2020-09-16T17:30:17Z,Ain't No Sunshine,Max Oazo,3TLzNuGRtUjv7uljs9axY6,spotify:track:3TLzNuGRtUjv7uljs9axY6
2020-09-16T17:21:30Z,Oceans of Love,Lstn,2TG9PNlzyHRMCnJ97nfvdV,spotify:track:2TG9PNlzyHRMCnJ97nfvdV
2020-09-16T16:22:44Z,California Dreamin',Yann Muller,4y0wgwic6vFqUBN6Y1mkDR,spotify:track:4y0wgwic6vFqUBN6Y1mkDR
2020-09-14T14:53:57Z,Give Me One Reason,Yann Muller,1rdHsnsGmleo6MRctkkFmm,spotify:track:1rdHsnsGmleo6MRctkkFmm
2020-09-08T15:06:00Z,Wake Turbulence - Extended Mix,Koen Groeneveld,6FNjsA1ndsX0qAFy3SSdyg,spotify:track:6FNjsA1ndsX0qAFy3SSdyg
2020-09-07T12:11:06Z,One Day,Altero,47rNhgxRUrDSkWBp3Kxrvb,spotify:track:47rNhgxRUrDSkWBp3Kxrvb
2020-08-24T12:22:03Z,Malheur, malheur,GIMS,4U3Zolsff6GGg8owAmFKZi,spotify:track:4U3Zolsff6GGg8owAmFKZi
2020-08-15T08:13:20Z,Dybala,Maes,4Nfak8iMF4kQfQ6Pa8Z79m,spotify:track:4Nfak8iMF4kQfQ6Pa8Z79m
2020-08-15T07:58:56Z,Mecs de cités,Sifax,3nZZkx4lkchcn5eh8DYQD8,spotify:track:3nZZkx4lkchcn5eh8DYQD8
2020-08-11T15:10:35Z,Lonely,Gabry Ponte,6c0FDCzgTHlgjBRlN0Vph1,spotify:track:6c0FDCzgTHlgjBRlN0Vph1
2020-08-10T16:41:33Z,Don't Leave Me Now,Lost Frequencies,4SkHU7Gi5ytUm2QJ90UxNa,spotify:track:4SkHU7Gi5ytUm2QJ90UxNa
2020-08-10T08:02:58Z,Calumet,Hornet La Frappe,1d6S51PMXjoBazYt8iHb4N,spotify:track:1d6S51PMXjoBazYt8iHb4N
2020-07-29T22:41:41Z,Land Of The Blind,Bondi,5WrSrX9U0w5Hs3f6E6mzGW,spotify:track:5WrSrX9U0w5Hs3f6E6mzGW
2020-07-29T12:36:01Z,Hard & Bright Times,Klanglos,5acJJkWi1cOzOcZHOBzA3Z,spotify:track:5acJJkWi1cOzOcZHOBzA3Z
2020-07-27T16:32:55Z,Sorry I Am Late - Summer 2016 Version,Kollektiv Turmstrasse,4HubaPJdFWVTWzgHCeeW2f,spotify:track:4HubaPJdFWVTWzgHCeeW2f
2020-07-27T15:58:32Z,Strange - Acid Pauli & Nu Remix,Adana Twins,7oGpDFkWJdq0l4rRG6fGiO,spotify:track:7oGpDFkWJdq0l4rRG6fGiO
2020-07-27T15:41:55Z,Kristalle,Township Rebellion,6IgIPWjUrRBTIm07t7H64S,spotify:track:6IgIPWjUrRBTIm07t7H64S
2020-07-27T14:51:56Z,Toi,Worakls,5NuS3ktpMOyhfO8CrUqQhB,spotify:track:5NuS3ktpMOyhfO8CrUqQhB
2020-07-11T14:17:43Z,Wait and Think,Victor Ruiz,41A613ZzFZJOWticJhIhD8,spotify:track:41A613ZzFZJOWticJhIhD8
2020-06-26T11:57:14Z,Où est passée ton âme ?,La Féline,1doR0qjlsQJdXasFFXTS8h,spotify:track:1doR0qjlsQJdXasFFXTS8h
2020-05-30T13:46:17Z,Keep It Movin,Wax Tailor,3bgLg4vEpzkaV2dRS4GZJs,spotify:track:3bgLg4vEpzkaV2dRS4GZJs
2020-05-18T13:39:34Z,Odyssée d'une incomprise,Keny Arkana,4NgHe5GuMfmsZ3aEiWo6j3,spotify:track:4NgHe5GuMfmsZ3aEiWo6j3
2020-05-13T10:27:02Z,Breakfast At Tiffany's,Deep Blue Something,1uzWOoJdADfstQuFtQFTUn,spotify:track:1uzWOoJdADfstQuFtQFTUn
2020-05-12T13:39:39Z,The Passenger (LaLaLa) [feat. MOKABY],LUM!X,2A0CxheiQGQdCiKtOR7jMP,spotify:track:2A0CxheiQGQdCiKtOR7jMP
2020-05-09T07:45:59Z,De l'opéra à la plaine 3,Keny Arkana,2UV4YJun3vTTCS8qvHbf0p,spotify:track:2UV4YJun3vTTCS8qvHbf0p
2020-05-05T10:26:52Z,Lifestyle,NEIKED,6RbNpKsmlVgQPVlQeZKlk1,spotify:track:6RbNpKsmlVgQPVlQeZKlk1
2020-05-04T13:34:26Z,Amazing,Kanye West,0m3Ze0cy8qBHSsV2exAfCw,spotify:track:0m3Ze0cy8qBHSsV2exAfCw
2020-04-28T07:46:56Z,Anatolia - Sezer Uysal Remix,Thylacine,6NudU0GNEN1Dib9Gfo1ZAP,spotify:track:6NudU0GNEN1Dib9Gfo1ZAP
2020-04-27T13:38:47Z,Poly,Thylacine,6n0E5CPhtGPLW1544OlSTg,spotify:track:6n0E5CPhtGPLW1544OlSTg
2020-04-25T19:05:50Z,A l'horizontale,Aloïse Sauvage,6L34Uvr1kdTDKRffmoEjVt,spotify:track:6L34Uvr1kdTDKRffmoEjVt
2020-04-25T19:05:48Z,Tom Tom Club,MAGENTA,5tVH54ERcfzPAdyaNymPDc,spotify:track:5tVH54ERcfzPAdyaNymPDc
2020-04-17T13:53:41Z,Piany Pianino,Thylacine,6ZrauffaDWD1kaN4Z6pFVh,spotify:track:6ZrauffaDWD1kaN4Z6pFVh
2020-04-17T10:57:47Z,Revival,Gregory Porter,0uW9gZMn6SVBSVp39umUy7,spotify:track:0uW9gZMn6SVBSVp39umUy7
2020-04-14T07:53:24Z,Eye Nyam Nam'A'Mensuro - Henrik Schwarz Blend,Ebo Taylor,6AFisQzZCIkBYv6JcE6exg,spotify:track:6AFisQzZCIkBYv6JcE6exg
2020-04-13T19:58:38Z,Subhana,Ahmed Ben Ali,6sDmNtyDHv4WModGvSiRSd,spotify:track:6sDmNtyDHv4WModGvSiRSd
2020-04-09T12:36:58Z,Hound Dog,Big Mama Thornton,5tGFZPvwAxiDVE6o3VY06u,spotify:track:5tGFZPvwAxiDVE6o3VY06u
2020-04-08T20:57:36Z,Just Stay,Mauve,1OomEBeqPPdUhBUhdAxoz6,spotify:track:1OomEBeqPPdUhBUhdAxoz6
2020-04-08T09:47:39Z,Wish Me Luck,Agoria,4lTYeSZmxfkMwiHHqNdcKm,spotify:track:4lTYeSZmxfkMwiHHqNdcKm
2020-04-06T18:36:28Z,Botched Execution,Shovels & Rope,2F51ksU6ylxgPZ0j53UZQc,spotify:track:2F51ksU6ylxgPZ0j53UZQc
2020-04-05T14:19:55Z,Mind Blown,Syn Cole,7oahNRcO0CxOOQWlqpuH40,spotify:track:7oahNRcO0CxOOQWlqpuH40
2020-04-02T14:40:22Z,Stand by Me,Ben E. King,3SdTKo2uVsxFblQjpScoHy,spotify:track:3SdTKo2uVsxFblQjpScoHy
2020-04-01T17:59:40Z,Play That Funky Music,Eighties Flashback,3UthZBTZZkh2dArUZs9182,spotify:track:3UthZBTZZkh2dArUZs9182
2020-03-31T16:35:32Z,Other Worlds,Really Slow Motion,33YVzy4bZQCFrTK176It75,spotify:track:33YVzy4bZQCFrTK176It75
2020-03-30T22:35:05Z,Close Enough to Happy,Sniffer Dogs,5RC50qDMukCH525Jwsa61f,spotify:track:5RC50qDMukCH525Jwsa61f
2020-03-23T09:03:39Z,Some Say,Nea,4poybupy26pTWPr9zY1i7h,spotify:track:4poybupy26pTWPr9zY1i7h
2020-03-04T13:46:24Z,Attitude,Lewis OfMan,0DPenz1hSSH4O8PXyEaggl,spotify:track:0DPenz1hSSH4O8PXyEaggl
2020-02-26T07:34:03Z,New Sensation,INXS,2xcrseImDFEf8Urommws03,spotify:track:2xcrseImDFEf8Urommws03
2020-02-21T14:46:38Z,La femme d'argent,Air,3ZzhV6JIDKWvWR7wiKWD0C,spotify:track:3ZzhV6JIDKWvWR7wiKWD0C
2020-02-20T18:47:07Z,Karla With A K,The Hooters,2H7ygiSmLSZVeTDJHoF96W,spotify:track:2H7ygiSmLSZVeTDJHoF96W
2020-02-20T18:33:33Z,Let There Be Love - 2002 Digital Remaster,Simple Minds,1KKAzCSZ7tS4KWDqG6uxVA,spotify:track:1KKAzCSZ7tS4KWDqG6uxVA
2020-02-09T10:28:21Z,Beds Are Burning - Remastered,Midnight Oil,1CtAzw53AIXKjAemxy4b1j,spotify:track:1CtAzw53AIXKjAemxy4b1j
2020-02-07T15:20:22Z,Give A Little Bit,Supertramp,6XUHsYE38CEbYunT983O9G,spotify:track:6XUHsYE38CEbYunT983O9G
2020-01-25T15:37:46Z,Paspatou,Parra for Cuva,0q1pkKvBMInZxxUzjuIrdf,spotify:track:0q1pkKvBMInZxxUzjuIrdf
2020-01-24T10:53:18Z,Omotesando,Iam,28xomzrVyIFggNfLymmpVL,spotify:track:28xomzrVyIFggNfLymmpVL
2020-01-22T17:55:52Z,Gimme! Gimme! Gimme!,GAMPER & DADONI,4zLSkwZaiMfzzapPCbdG90,spotify:track:4zLSkwZaiMfzzapPCbdG90
2020-01-22T17:53:28Z,No Strings Attached,SWACQ,1CKbPI8AygxJl1HUlmXL5x,spotify:track:1CKbPI8AygxJl1HUlmXL5x
2020-01-21T07:24:00Z,Life,Des'ree,5LGqFIVBf3ZUeFBpc87CFS,spotify:track:5LGqFIVBf3ZUeFBpc87CFS
2019-12-23T16:38:48Z,Sun is Shining,Lost Frequencies,5ucCPnp8gVYluxSXiy4J5d,spotify:track:5ucCPnp8gVYluxSXiy4J5d
2019-11-29T14:04:43Z,À nos héros du quotidien,Soprano,4zKqWCgGqwWlfJTNaj2R19,spotify:track:4zKqWCgGqwWlfJTNaj2R19
2019-11-22T14:48:10Z,Slow Burn - Lost Frequencies Remix,Moksi,6mRQXPtzPhllXky078BuJ2,spotify:track:6mRQXPtzPhllXky078BuJ2
2019-11-19T17:31:17Z,Loin de moi,Naza,30kxl4FnaEFS2qZkec3Zak,spotify:track:30kxl4FnaEFS2qZkec3Zak
2019-11-17T15:59:47Z,Take It,Dom Dolla,14fIlfcmFPlj4V2IazeJ25,spotify:track:14fIlfcmFPlj4V2IazeJ25
2019-11-16T14:53:38Z,Slow Burn,Moksi,1AfA0K7BLxceH7PjzcZdZc,spotify:track:1AfA0K7BLxceH7PjzcZdZc
2019-11-15T14:30:00Z,Nice To Meet Ya - Diplo Remix,Niall Horan,2r4mpuIYFgKsjeykJTQMqX,spotify:track:2r4mpuIYFgKsjeykJTQMqX
2019-11-15T08:03:19Z,After Midnight,J.J. Cale,1PC5GV3OaoXx5em8ttQOMI,spotify:track:1PC5GV3OaoXx5em8ttQOMI
2019-11-07T10:15:13Z,We Can Always Come Back To This,Brian Tyree Henry,0BTE8rJQA67qED6vdTFklL,spotify:track:0BTE8rJQA67qED6vdTFklL
2019-10-29T11:03:18Z,All Your Love - Morgan Page Remix,Flight Facilities,0wuuTuNj7IjXZ7x8Fkyh8T,spotify:track:0wuuTuNj7IjXZ7x8Fkyh8T
2019-10-21T08:34:27Z,Higher Love,Kygo,6oJ6le65B3SEqPwMRNXWjY,spotify:track:6oJ6le65B3SEqPwMRNXWjY
2019-10-12T16:56:59Z,Elévation,Vladimir Cauchemar,2U2N1Jky3VTWJkb5lRam16,spotify:track:2U2N1Jky3VTWJkb5lRam16
2019-10-10T10:20:59Z,La vie - DJ Ross & Alessandro Viale Radio Edit,DJ Ross,7neA5uB1ueTF4bfim854Le,spotify:track:7neA5uB1ueTF4bfim854Le
2019-09-25T07:35:33Z,Tapis Volant,Farfaders,4do8YpjoHFq4mMTf3yua3e,spotify:track:4do8YpjoHFq4mMTf3yua3e
2019-09-25T06:32:54Z,Turn Down,Guigoo,0WTrRle2gvRH0hlLSrFTsR,spotify:track:0WTrRle2gvRH0hlLSrFTsR
2019-09-20T13:03:10Z,Bongotek,Guigoo,6Qx32mmIGkGcMO4JsiD4Qh,spotify:track:6Qx32mmIGkGcMO4JsiD4Qh
2019-09-14T09:55:43Z,Acordeão,Tiësto,4P7F3kb2Ze1YleD6lUYwJo,spotify:track:4P7F3kb2Ze1YleD6lUYwJo
2019-09-10T09:29:15Z,Drop That Low (When I Dip) - Timmy Trumpet Remix,Tujamo,30WA089D8w9er3HlfpBOyk,spotify:track:30WA089D8w9er3HlfpBOyk
2019-09-09T11:08:31Z,World of the Dream,Sefa,2IUcLN1s1vum52dtdQRBXe,spotify:track:2IUcLN1s1vum52dtdQRBXe
2019-09-09T10:50:27Z,Tree of Life - Psy to Hard,Billx,5loB0lp0m3OSiv8ebZTJHm,spotify:track:5loB0lp0m3OSiv8ebZTJHm
2019-09-08T09:55:10Z,Rolling Paper,Vandal,2MUxYb4hVt66BYhQIgKsLU,spotify:track:2MUxYb4hVt66BYhQIgKsLU
2019-09-02T13:40:57Z,Entrudo,Worakls,5G04a8o6Ta2MzLlrH4QdQN,spotify:track:5G04a8o6Ta2MzLlrH4QdQN
2019-09-02T13:37:49Z,Joda - Worakls Remix,Joachim Pastor,7MiYNyj5si5yiWyeSkgzqB,spotify:track:7MiYNyj5si5yiWyeSkgzqB
2019-08-26T11:48:11Z,Gengis,Polo & Pan,546GqLBcLLAigBK5DXc1R8,spotify:track:546GqLBcLLAigBK5DXc1R8
2019-08-25T13:52:10Z,Eiffel Powder - Short Version,Joachim Pastor,5xYUKr79Z9SYRVdOkI1UAO,spotify:track:5xYUKr79Z9SYRVdOkI1UAO
2019-08-25T12:29:44Z,Up & Down,Purple Disco Machine,5fWpiAAxEWZGU1XtNCMDpG,spotify:track:5fWpiAAxEWZGU1XtNCMDpG
2019-08-24T15:38:58Z,Free Like a Bird (feat. Larry Lynch),Chuck Wonderland,2GZZyw5c7jtZUfp5dc53eN,spotify:track:2GZZyw5c7jtZUfp5dc53eN
2019-08-24T15:33:49Z,Condor,Thylacine,7u2XR04F8mEpa4hHikjw71,spotify:track:7u2XR04F8mEpa4hHikjw71
2019-08-24T15:10:46Z,Showbiz,Yuksek,31I75JxymlPofqUfCcf54P,spotify:track:31I75JxymlPofqUfCcf54P
2019-08-23T14:20:53Z,Celestial Blues - The Avener Rework,Andy Bey,0475IaWC3utT3w8WGvREzE,spotify:track:0475IaWC3utT3w8WGvREzE
2019-08-23T13:57:54Z,Lonely Boy,The Avener,1OOkgKetHWs5WsJKtNCVre,spotify:track:1OOkgKetHWs5WsJKtNCVre
2019-08-23T13:20:44Z,Wild - The Avener Rework,The Avener,2ssDiLvEwzThX6MNstpdaf,spotify:track:2ssDiLvEwzThX6MNstpdaf
2019-08-23T13:18:31Z,Mes amis, mes copains,Bon Entendeur,2wHabLqJdeB18JPOFa23PX,spotify:track:2wHabLqJdeB18JPOFa23PX
2019-08-23T12:01:54Z,Pola - The Geek x VRV Remix,Jabberwocky,1YDREhv1D69zw3hc6gQetN,spotify:track:1YDREhv1D69zw3hc6gQetN
2019-08-23T11:58:39Z,Fog,Jabberwocky,7rIhImBFWVz54V4LPJP0qq,spotify:track:7rIhImBFWVz54V4LPJP0qq
2019-08-21T09:56:30Z,Italobingo - Radio Edit,Jabberwocky,7E0kxFhfXlbpXIEovqDTFI,spotify:track:7E0kxFhfXlbpXIEovqDTFI
2019-08-17T18:29:04Z,Get On Your Feet - Mixed,DJ Fudge,7wAJwPiKRhEwXW9z90s4vg,spotify:track:7wAJwPiKRhEwXW9z90s4vg
2019-07-29T21:23:26Z,MARIJUANA,Rilès,33Om1hVbO2fvyERdp7CBO8,spotify:track:33Om1hVbO2fvyERdp7CBO8
2019-07-29T21:14:14Z,My Face,Biga Ranx,5HtY6qRNf3NUgNzIc10SuJ,spotify:track:5HtY6qRNf3NUgNzIc10SuJ
2019-07-29T09:30:32Z,Balade brésilienne,Gaël Faye,1ctwXQLrWGY67DSxQgnNlt,spotify:track:1ctwXQLrWGY67DSxQgnNlt
2019-07-29T08:42:27Z,Au revoir flemme,James Baker,2HszpYD1dis3F543wWvUri,spotify:track:2HszpYD1dis3F543wWvUri
2019-07-29T08:37:53Z,Quand arrive mon train,Checler,63IlYsLcrJ7EdPOaGBgMfs,spotify:track:63IlYsLcrJ7EdPOaGBgMfs
2019-07-25T06:45:09Z,Mama,Maes,3XbxOKMhF5DnOYue7JMsYm,spotify:track:3XbxOKMhF5DnOYue7JMsYm
2019-07-25T06:45:05Z,Rude,Benab,59GVZBjYYjzKSl1yxnsqqy,spotify:track:59GVZBjYYjzKSl1yxnsqqy
2019-07-24T13:03:54Z,Always On My Mind,Mike Mago,43hmlDW4H4NHdvy6Cf60XD,spotify:track:43hmlDW4H4NHdvy6Cf60XD
2019-06-25T13:58:03Z,Peacemakers,Marcus Marr,4wnfgAKymdN0Gm27y0mO8s,spotify:track:4wnfgAKymdN0Gm27y0mO8s
2019-06-22T12:03:39Z,Savanna - Radio Mix,Sound Nomaden,5ohYUhE8TBBROkpbBPSG2J,spotify:track:5ohYUhE8TBBROkpbBPSG2J
2019-06-17T14:18:29Z,Moves,Hot Shade,0VTtFWgyu9nlCFbplRtGdH,spotify:track:0VTtFWgyu9nlCFbplRtGdH
2019-06-14T13:39:07Z,Talking In Your Sleep,The Romantics,7fRvtXvJMpGfTLdF0M09a1,spotify:track:7fRvtXvJMpGfTLdF0M09a1
2019-06-07T06:34:02Z,Oh Yes (Rockin' With The Best),Laidback Luke,5AVDsyUbuVpVTflSxAB73C,spotify:track:5AVDsyUbuVpVTflSxAB73C
2019-06-06T08:42:06Z,Weapon of Choice - Set Mo Remix / Edit,Fatboy Slim,0rZ5tIuc00YOpf00jWdVpn,spotify:track:0rZ5tIuc00YOpf00jWdVpn
2019-06-04T13:06:25Z,Leyenda,Phaxe,6CFItAJCYVyqIFtXFJqKML,spotify:track:6CFItAJCYVyqIFtXFJqKML
2019-06-04T12:15:41Z,Memento,Bassjackers,7lgIIhkUJX2XkVKd9QsPvF,spotify:track:7lgIIhkUJX2XkVKd9QsPvF
2019-05-28T14:44:27Z,Princess Elvira,Ana Olgica,4H157dvrPw2S3W8tMiOQVr,spotify:track:4H157dvrPw2S3W8tMiOQVr
2019-05-27T07:15:01Z,Arc-en-ciel,Booba,07qHCBBSRswIsfs0waYdjC,spotify:track:07qHCBBSRswIsfs0waYdjC
2019-05-12T20:09:52Z,Shankara,Hilight Tribe,3ChrN5yqI2YE6eAMMfvDs1,spotify:track:3ChrN5yqI2YE6eAMMfvDs1
2019-05-12T13:04:58Z,Apocalypse 894,Stupeflip,0A6FdQB9XVIbjP6Kr4vsa1,spotify:track:0A6FdQB9XVIbjP6Kr4vsa1
2019-05-11T17:05:50Z,Eh boy,Bolémvn,4DFF7vvexTO6R2yamSNp19,spotify:track:4DFF7vvexTO6R2yamSNp19
2019-05-07T13:39:17Z,Qui est l'exemple ?,Rohff,77pB3BxEgaSZIbJ4uQflS8,spotify:track:77pB3BxEgaSZIbJ4uQflS8
2019-05-07T12:49:23Z,Au summum,113,2dfahYnct5aULxIVSQ6sv7,spotify:track:2dfahYnct5aULxIVSQ6sv7
2019-05-03T11:03:52Z,Personal Jesus,Johnny Cash,5dcwiQFqn0mTcWewYIv7MV,spotify:track:5dcwiQFqn0mTcWewYIv7MV
2019-04-27T09:31:48Z,Doin' It,Herbie Hancock,3qQVUOHJdgIFWJd0jrG9GE,spotify:track:3qQVUOHJdgIFWJd0jrG9GE
2019-04-25T06:45:19Z,Music In You (feat. Lorenz Rhode) - David Penn Remix,Purple Disco Machine,5W63bmy9IZP8zhYIID9gIa,spotify:track:5W63bmy9IZP8zhYIID9gIa
2019-04-19T14:32:26Z,Wild Wild Son,Armin van Buuren,0P30njPtEoioQB6v4w8DGP,spotify:track:0P30njPtEoioQB6v4w8DGP
2019-04-19T13:43:09Z,Noir,QQUN,04UhmoQBsMmFjQ6nORSipG,spotify:track:04UhmoQBsMmFjQ6nORSipG
2019-04-19T10:13:12Z,Dancing,Aslove,4TeBMvVZCnp9X0kpY8R3Hw,spotify:track:4TeBMvVZCnp9X0kpY8R3Hw
2019-04-18T14:06:14Z,Closure,Jill Scott,7iGhp63OPcKgRCvdUXG9Yg,spotify:track:7iGhp63OPcKgRCvdUXG9Yg
2019-04-18T07:45:19Z,Tourment d' amour,La Fine Equipe,1pur8kv69XmZqA3uoMEYnH,spotify:track:1pur8kv69XmZqA3uoMEYnH
2019-04-16T13:57:45Z,Guava,Tunnelvisions,5hrGOS8UP9brY2JizYc5z5,spotify:track:5hrGOS8UP9brY2JizYc5z5
2019-04-16T13:34:00Z,Utopia - Joris Voorn Remix,Digitalism,4L0PqQnPy37i1C8pFjQVjh,spotify:track:4L0PqQnPy37i1C8pFjQVjh
2019-04-15T11:44:13Z,Lo/Hi,The Black Keys,6XRgC4KAp4upKu0v7H4tQo,spotify:track:6XRgC4KAp4upKu0v7H4tQo
2019-04-12T14:27:17Z,Old Town Road - Remix,Lil Nas X,2YpeDb67231RjR0MgVLzsG,spotify:track:2YpeDb67231RjR0MgVLzsG
2019-04-11T16:25:40Z,Don't Call Me Up,Mabel,5WHTFyqSii0lmT9R21abT8,spotify:track:5WHTFyqSii0lmT9R21abT8
2019-04-11T08:01:28Z,Let Me Live (feat. Anne-Marie & Mr Eazi) - Acoustic,Rudimental,7kStxK6rzxka5SRlg1lzhz,spotify:track:7kStxK6rzxka5SRlg1lzhz
2019-04-11T07:34:51Z,Mama (feat. Ellie Goulding) - Acoustic,Clean Bandit,4u603unRrGD1IlHFB3hNPK,spotify:track:4u603unRrGD1IlHFB3hNPK
2019-04-05T12:06:20Z,Cuban Mood,Hollysiz,2HCoVurjhoNr7mAAXKJP1v,spotify:track:2HCoVurjhoNr7mAAXKJP1v
2019-03-28T10:54:15Z,Shallow,Daniel Robinson,38WoDGQlgJLp2wn48SlDBi,spotify:track:38WoDGQlgJLp2wn48SlDBi
2019-03-23T18:47:07Z,Tight,Kaskade,1CnMonW2jPjo4OvGEw6esf,spotify:track:1CnMonW2jPjo4OvGEw6esf
2019-03-22T14:26:05Z,Eminence Front,The Who,6HhVHZTzhjvS5erfCm4roh,spotify:track:6HhVHZTzhjvS5erfCm4roh
2019-03-22T14:01:15Z,Behind Blue Eyes,The Who,0cKk8BKEi7zXbdrYdyqBP5,spotify:track:0cKk8BKEi7zXbdrYdyqBP5
2019-03-21T17:50:23Z,Les Jeunes De L'Univers,Rocca,1p3Xdm0lPy9EQ3OtISAkcE,spotify:track:1p3Xdm0lPy9EQ3OtISAkcE
2019-03-21T15:44:29Z,Grown Ass Man Child,Andy Grammer,70bT6oIKDlFzTq2PsrJhLz,spotify:track:70bT6oIKDlFzTq2PsrJhLz
2019-03-21T15:10:59Z,Tonight Tonight,Hot Chelle Rae,2i0AUcEnsDm3dsqLrFWUCq,spotify:track:2i0AUcEnsDm3dsqLrFWUCq
2019-03-21T13:46:43Z,The Sound of Silence - Acoustic Version,Simon & Garfunkel,5y788ya4NvwhBznoDIcXwK,spotify:track:5y788ya4NvwhBznoDIcXwK
2019-03-20T20:36:06Z,Con Calma,Daddy Yankee,5w9c2J52mkdntKOmRLeM2m,spotify:track:5w9c2J52mkdntKOmRLeM2m
2019-03-20T13:30:15Z,According To Me - La Cumbia Cienaguera,D.O.D,5qpKrG0B24tgBzg1aDNkM7,spotify:track:5qpKrG0B24tgBzg1aDNkM7
2019-03-16T17:39:09Z,Born in the U.S.A.,Bruce Springsteen,0dOg1ySSI7NkpAe89Zo0b9,spotify:track:0dOg1ySSI7NkpAe89Zo0b9
2019-03-13T18:23:10Z,Oh Man,Jain,0F3fscqwFqD52Tpbep5hBW,spotify:track:0F3fscqwFqD52Tpbep5hBW
2019-03-13T17:44:11Z,Calma - Remix,Pedro Capó,5iwz1NiezX7WWjnCgY5TH4,spotify:track:5iwz1NiezX7WWjnCgY5TH4
2019-03-11T08:54:56Z,Speedboat Night Sweat,Swimware,3sgFYGElABoVcyPHNCKyki,spotify:track:3sgFYGElABoVcyPHNCKyki
2019-03-06T10:56:47Z,The Melody - Henrik Schwarz Remix,Carl Craig,5k1S9YYZUlxD8R57KFjh8p,spotify:track:5k1S9YYZUlxD8R57KFjh8p
2019-03-06T08:59:43Z,So Young,Portugal. The Man,4SNtyKNyYJ8ERT7YLlnFBr,spotify:track:4SNtyKNyYJ8ERT7YLlnFBr
2019-03-03T03:20:14Z,Power Over Me,Dermot Kennedy,4tViDtaHuSLnh7HVJTrKhs,spotify:track:4tViDtaHuSLnh7HVJTrKhs
2019-02-28T17:12:07Z,WTF (feat. Amber Van Day),HUGEL,0gn93i7HJt0calph67R5Wu,spotify:track:0gn93i7HJt0calph67R5Wu
2019-02-28T12:58:43Z,Bad Liar,Imagine Dragons,2RSHsoi04658QL5xgQVov3,spotify:track:2RSHsoi04658QL5xgQVov3
2019-02-28T11:26:33Z,Gam Gam,Marnik,2wsXmtsA08Pe3xZlGNkLgd,spotify:track:2wsXmtsA08Pe3xZlGNkLgd
2019-02-27T10:31:56Z,We Can Change (Infinity),Trobi,6DZXAEPQgwEHiyqG2QlsaY,spotify:track:6DZXAEPQgwEHiyqG2QlsaY
2019-02-27T10:31:56Z,Preach,Watermät,7yQuDwalzZvPiA94r0mlRY,spotify:track:7yQuDwalzZvPiA94r0mlRY
2019-02-27T10:31:54Z,I Don't Wanna Go,Alan Walker,7kVDkZkZc8qBUBsF6klUoY,spotify:track:7kVDkZkZc8qBUBsF6klUoY
2019-02-27T10:31:53Z,Wild World,Yusuf / Cat Stevens,7mjSHL2Eb0kAwiKbvNNyD9,spotify:track:7mjSHL2Eb0kAwiKbvNNyD9
2019-02-27T10:31:53Z,Lily,Alan Walker,0lks2Kt9veMOFEAPN0fsqN,spotify:track:0lks2Kt9veMOFEAPN0fsqN
2019-02-27T10:31:51Z,Praise You (Purple Disco Machine Remix) - Radio Edit,Fatboy Slim,6LCrqs85q61pfZCXYvW63B,spotify:track:6LCrqs85q61pfZCXYvW63B
2019-02-27T10:31:51Z,Bongo Bong,Manu Chao,00SmB7n85SKROGjybsyq5i,spotify:track:00SmB7n85SKROGjybsyq5i
2019-02-27T10:31:50Z,Change My Heart,Ummet Ozcan,34m69Q5xrI67xUM8MHFWeK,spotify:track:34m69Q5xrI67xUM8MHFWeK
2019-02-27T10:31:47Z,Tiago,Kendji Girac,63eflEIBAF5VmO5AdVuZF7,spotify:track:63eflEIBAF5VmO5AdVuZF7
2019-02-27T10:31:47Z,You're The One That I Want,Lo-Fang,2aDVymoLLpxVmITtdK0yiD,spotify:track:2aDVymoLLpxVmITtdK0yiD
2019-02-27T10:31:46Z,Signatune - Thomas Bangalter Edit,DJ Mehdi,0lbVB3ktcJkLZwX3GkiNi9,spotify:track:0lbVB3ktcJkLZwX3GkiNi9
2019-02-27T10:31:45Z,Poison Lips,Vitalic,2BIC788t4sLhFM8MpZIclI,spotify:track:2BIC788t4sLhFM8MpZIclI
2019-02-27T10:31:45Z,Deviens génial,Vald,3zpSnxhr0PZa8542kB21JW,spotify:track:3zpSnxhr0PZa8542kB21JW
2019-02-27T10:31:44Z,Everything with You,Lucas Estrada,6ugox8VDWkcqHJaZEaLVbv,spotify:track:6ugox8VDWkcqHJaZEaLVbv
2019-02-27T10:31:43Z,Melody (feat. James Blunt) - Ofenbach Remix,Lost Frequencies,3Xai2XZZmj9el9ALWG74mK,spotify:track:3Xai2XZZmj9el9ALWG74mK
2019-02-27T10:31:43Z,OK - Ofenbach Remix; Spotify Version,Robin Schulz,1iPWXMClLL4AZtBuMD0lh3,spotify:track:1iPWXMClLL4AZtBuMD0lh3
2019-02-27T10:31:38Z,Life Without U,ArtLec,4HAgq7KIjIFEOcZhJzngWO,spotify:track:4HAgq7KIjIFEOcZhJzngWO
2019-02-27T10:31:37Z,Mi Gente - HUGEL Remix,J Balvin,4O2yXLZ2VV3wHXxiOZWLmv,spotify:track:4O2yXLZ2VV3wHXxiOZWLmv
2019-02-27T10:31:37Z,A Kele Nta,MHD,288dVpSCtcRn5nveawFJTj,spotify:track:288dVpSCtcRn5nveawFJTj
2019-02-27T10:31:36Z,Happy Now,Kygo,14sOS5L36385FJ3OL8hew4,spotify:track:14sOS5L36385FJ3OL8hew4
2019-02-27T10:31:36Z,XIX,MHD,1QE5ZA4YsqWdIAK7DGGMT2,spotify:track:1QE5ZA4YsqWdIAK7DGGMT2
2019-02-27T10:31:35Z,Good Vibes (feat. Laurell),Quintino,2OYbEumzPOflytnS2RZbqE,spotify:track:2OYbEumzPOflytnS2RZbqE
2019-02-27T10:31:35Z,Sweet but Psycho,Ava Max,7DnAm9FOTWE3cUvso43HhI,spotify:track:7DnAm9FOTWE3cUvso43HhI
2019-02-27T10:31:34Z,True Colors (feat. Maya Avedis),XO Cupid,4AMY0oGSt7vZwgxDnHCJBr,spotify:track:4AMY0oGSt7vZwgxDnHCJBr
2019-02-27T10:31:34Z,Moves (feat. Snoop Dogg),Olly Murs,0Nkt36AVGOmfV1cJmFr74P,spotify:track:0Nkt36AVGOmfV1cJmFr74P
2019-02-27T10:31:32Z,Whenever (feat. Conor Maynard),Kris Kross Amsterdam,3DGar7krWlmrXRFHBcQF6z,spotify:track:3DGar7krWlmrXRFHBcQF6z
2019-02-27T10:31:31Z,Higher,Ummet Ozcan,5ELRhUPf1f2Qc1x7hTFQ9l,spotify:track:5ELRhUPf1f2Qc1x7hTFQ9l
2019-02-27T10:31:31Z,Feels Like I Do,Michael Amani,4FG70UNCzlAavFqv0FYJQ7,spotify:track:4FG70UNCzlAavFqv0FYJQ7
2019-02-27T10:31:30Z,Désenchantée - Radio Edit,Kate Ryan,0eAvGqc9t4Wuc6gDcSi5Aa,spotify:track:0eAvGqc9t4Wuc6gDcSi5Aa
2019-02-27T10:31:30Z,Good Vibes Soldier (feat. Head Quattaz),KSHMR,6JL4CTixFj9Dfb5Uu29fzr,spotify:track:6JL4CTixFj9Dfb5Uu29fzr
2019-02-27T10:31:29Z,Freestyler,Bomfunk MC's,4eZO97RGFo7IN6gm24Nv0S,spotify:track:4eZO97RGFo7IN6gm24Nv0S
2019-02-27T10:31:28Z,Live Your Life,T.I.,3jlbL2OTD5YmIunYzgQTAN,spotify:track:3jlbL2OTD5YmIunYzgQTAN
2019-02-27T10:31:28Z,Spirit In The Sky,Norman Greenbaum,0jvN7eQJJt4nxQzgQfZ1SP,spotify:track:0jvN7eQJJt4nxQzgQfZ1SP
2019-02-27T10:31:26Z,Chasing Fire - Robin Schulz Remix,Lauv,7LR2nZOAmgApHf2q3m1WW0,spotify:track:7LR2nZOAmgApHf2q3m1WW0
2019-02-27T10:31:26Z,I Don't Dance (Without You) [with Enrique Iglesias] - Joe Stone Remix,Matoma,44dZmlvSt80HeJkqrKLd2j,spotify:track:44dZmlvSt80HeJkqrKLd2j
2019-02-27T10:31:25Z,Ramenez la coupe à la maison,Vegedream,1m0UFnuTktOkksvjbF9z0m,spotify:track:1m0UFnuTktOkksvjbF9z0m
2019-02-27T10:31:24Z,Just Wanna Love You (feat. J. Balvin),Cris Cab,3d0j5Tkx2Yum7FhMvJZe85,spotify:track:3d0j5Tkx2Yum7FhMvJZe85
2019-02-27T10:31:23Z,BLIZZARD,Fauve,1r9o3HnWB2mm7WyC6wQWNA,spotify:track:1r9o3HnWB2mm7WyC6wQWNA
2019-02-27T10:31:23Z,Walk Thru Fire,Vicetone,2wQ411UQL2MRsdAgPRUstT,spotify:track:2wQ411UQL2MRsdAgPRUstT
2019-02-27T10:31:22Z,Be Cool,Embody,51RtdCbXnBFGz1gvQIj9cA,spotify:track:51RtdCbXnBFGz1gvQIj9cA
2019-02-27T10:31:21Z,Rich Girl (feat. Dragonette),DJ Licious,7rJquEIw5kJgxThinjyaij,spotify:track:7rJquEIw5kJgxThinjyaij
2019-02-27T10:31:21Z,Nothing Scares Me Anymore,Steve Angello,6xeCQCtG0VVzV69qTiUg21,spotify:track:6xeCQCtG0VVzV69qTiUg21
2019-02-27T10:31:20Z,All My Life (feat. Burna Boy),Major Lazer,0hPNfDQW0AHa1kaAknRanK,spotify:track:0hPNfDQW0AHa1kaAknRanK
2019-02-27T10:31:19Z,À la vie à l'amour,Soprano,7sBgU9EM4H7QF8S4q24bAp,spotify:track:7sBgU9EM4H7QF8S4q24bAp
2019-02-27T10:31:18Z,Simon Papa Tara,Yannick Noah,18bXjW7WBc0ZZwhbprvjkN,spotify:track:18bXjW7WBc0ZZwhbprvjkN
2019-02-27T10:31:17Z,Waves,Dean Lewis,0BfVKJALJjpzNYIQiEgF2G,spotify:track:0BfVKJALJjpzNYIQiEgF2G
2019-02-27T10:31:17Z,Run - Lost Frequencies Radio Edit,Emma Bale,4dqnFd0dfgh4HgZ1w3AGTE,spotify:track:4dqnFd0dfgh4HgZ1w3AGTE
2019-02-27T10:31:16Z,Run Run,CAZZETTE,64TB6vy9OSpv8mlA7hBKJ0,spotify:track:64TB6vy9OSpv8mlA7hBKJ0
2019-02-27T10:31:16Z,Jump,Kris Kross,27AHAtAirQapVldIm4c9ZX,spotify:track:27AHAtAirQapVldIm4c9ZX
2019-02-27T10:31:15Z,They Don't Want Music,Black Eyed Peas,4d1bLoK77pR9N6giV6spVB,spotify:track:4d1bLoK77pR9N6giV6spVB
2019-02-27T10:31:14Z,Johnny B. Goode,Chuck Berry,2QfiRTz5Yc8DdShCxG1tB2,spotify:track:2QfiRTz5Yc8DdShCxG1tB2
2019-02-27T10:31:13Z,California Dreamin' - Single Version,The Mamas & The Papas,4s6LhHAV5SEsOV0lC2tjvJ,spotify:track:4s6LhHAV5SEsOV0lC2tjvJ
2019-02-27T10:31:12Z,Dimanche,KIKESA,4zHabeonyLGTgnR9R5RY3X,spotify:track:4zHabeonyLGTgnR9R5RY3X
2019-02-27T10:31:12Z,To Let Myself Go,The Avener,62d0YCTAtRcVQ8s44H9HbM,spotify:track:62d0YCTAtRcVQ8s44H9HbM
2019-02-27T10:31:10Z,Bella ciao - HUGEL Remix,El Profesor,2dQzfKRaMKUCQgMpOtpLTh,spotify:track:2dQzfKRaMKUCQgMpOtpLTh
2019-02-27T10:31:09Z,Away Away,Ibeyi,1BbbSFYOFTKEInRMvuOyzk,spotify:track:1BbbSFYOFTKEInRMvuOyzk
2019-02-27T10:31:08Z,Alone,Alan Walker,0JiVRyTJcJnmlwCZ854K4p,spotify:track:0JiVRyTJcJnmlwCZ854K4p
2019-02-27T10:31:08Z,Best Friend,Sofi Tukker,1zEhH5BmSpKi1mRSIfBDOq,spotify:track:1zEhH5BmSpKi1mRSIfBDOq
2019-02-27T10:31:07Z,All Falls Down (feat. Juliander),Alan Walker,5yFSF6qQA1rcLsQRnBsZgb,spotify:track:5yFSF6qQA1rcLsQRnBsZgb
2019-02-27T10:31:06Z,These Days (feat. Jess Glynne, Macklemore & Dan Caplen),Rudimental,5CLGzJsGqhCEECcpnFQA8x,spotify:track:5CLGzJsGqhCEECcpnFQA8x
2019-02-27T10:31:05Z,Californication,Syn Cole,7jYgBYuyhc49R5B2fbtXfc,spotify:track:7jYgBYuyhc49R5B2fbtXfc
2019-02-27T10:31:05Z,Reeves,Andhim,27gn9CFe0AphGFGLR8sSym,spotify:track:27gn9CFe0AphGFGLR8sSym
2019-02-27T10:31:02Z,Walkmen,Andhim,1aNU9i5b74ax9Uc9fePOVy,spotify:track:1aNU9i5b74ax9Uc9fePOVy
2019-02-27T10:31:02Z,I'm Your Hoochie Coochie Man,Muddy Waters,3KSchPNSklO5McIqRH3qYX,spotify:track:3KSchPNSklO5McIqRH3qYX
2019-02-27T10:31:01Z,War,Edwin Starr,4ZEEcEMGjkWOfZNBcIB9yE,spotify:track:4ZEEcEMGjkWOfZNBcIB9yE
2019-02-27T10:31:01Z,I Can See Clearly Now - Edit,Johnny Nash,0DcrhZ12WcCqruCs8ibXSf,spotify:track:0DcrhZ12WcCqruCs8ibXSf
2019-02-27T10:31:00Z,Some Nights,fun.,67WTwafOMgegV6ABnBQxcE,spotify:track:67WTwafOMgegV6ABnBQxcE
2019-02-27T10:30:58Z,Best Friend (feat. NERVO, The Knocks & ALISA UENO) - Amine Edge & DANCE Remix,Sofi Tukker,6vSv2dD5OnzZCTET3mzzKj,spotify:track:6vSv2dD5OnzZCTET3mzzKj
2019-02-27T10:30:57Z,Sister,Me & My Toothbrush,5rwN8nVjafXikvbcHNa3jA,spotify:track:5rwN8nVjafXikvbcHNa3jA
2019-02-27T10:30:56Z,Snow (Hey Oh),Red Hot Chili Peppers,2aibwv5hGXSgw7Yru8IYTO,spotify:track:2aibwv5hGXSgw7Yru8IYTO
2019-02-27T10:30:15Z,You Can't Hurry Love - Mono,The Supremes,2iJP97Bttwb6bbZO9wNEJ9,spotify:track:2iJP97Bttwb6bbZO9wNEJ9
2019-02-27T10:30:13Z,Unchained (The Payback / Untouchable),James Brown,47Zqlw3jmibtVPy8usPjBj,spotify:track:47Zqlw3jmibtVPy8usPjBj
2019-02-27T10:30:11Z,Circadian Rhythm (Last Dance),Silversun Pickups,4ud5egyDjm6KAsyORTOfT1,spotify:track:4ud5egyDjm6KAsyORTOfT1
2019-02-27T10:30:10Z,Sheez Music,Dumpstaphunk,6LKRuyVDn74fN6TemK7lyK,spotify:track:6LKRuyVDn74fN6TemK7lyK
2019-02-27T10:30:09Z,Man! I Feel Like A Woman!,Shania Twain,6Agiwgwq5BtflpNynGYsUv,spotify:track:6Agiwgwq5BtflpNynGYsUv
2019-02-27T10:30:09Z,Kiss,Prince,62LJFaYihsdVrrkgUOJC05,spotify:track:62LJFaYihsdVrrkgUOJC05
2019-02-27T10:30:08Z,Get It On,T. Rex,0LoQuiekvzqx7n8flgEKzF,spotify:track:0LoQuiekvzqx7n8flgEKzF
2019-02-27T10:30:08Z,Where Is The Love?,Black Eyed Peas,0Wn1SrhAtneAmOx0hSHWee,spotify:track:0Wn1SrhAtneAmOx0hSHWee
2019-02-27T10:30:06Z,California Dreamin',Sia,1QzIPFcpaapCryW5wRsgU4,spotify:track:1QzIPFcpaapCryW5wRsgU4
2019-02-27T10:30:05Z,Beautiful Life (feat. Sandro Cavazza) - Radio Edit,Lost Frequencies,2UK3KmqNtu2tmXhHfxl0Fm,spotify:track:2UK3KmqNtu2tmXhHfxl0Fm
2019-02-27T10:30:05Z,The Man,Aloe Blacc,4e6ZN0EcEqYx74BTC5xQzy,spotify:track:4e6ZN0EcEqYx74BTC5xQzy
2019-02-27T10:30:01Z,Where The Hood At,DMX,6RUpJeXT6U4SPEafnr9Wr7,spotify:track:6RUpJeXT6U4SPEafnr9Wr7
2019-02-27T10:30:01Z,Ima Boss (feat. Rick Ross),Meek Mill,7sjwaBQ6M3aVigYfBjm1sL,spotify:track:7sjwaBQ6M3aVigYfBjm1sL
2019-02-27T10:30:00Z,Dreamer,Axwell /\ Ingrosso,0RTzJVkunbGwuRjXDFHnjf,spotify:track:0RTzJVkunbGwuRjXDFHnjf
2019-02-27T10:30:00Z,Shell Shocked (feat. Kill The Noise & Madsonik) - From "Teenage Mutant Ninja Turtles",Juicy J,7zBQRGpYImAdIZc97FNj3V,spotify:track:7zBQRGpYImAdIZc97FNj3V
2019-02-27T10:29:55Z,Sunrise (feat. Jason Walker),Kygo,4ODnJrz0C3AJ4DFv8YQhJ8,spotify:track:4ODnJrz0C3AJ4DFv8YQhJ8
2019-02-27T10:29:54Z,Wishing Well (feat. Olivia Sebastianelli),Sam Feldt,7uqS1gGcgWD0wiiKttEmyp,spotify:track:7uqS1gGcgWD0wiiKttEmyp
2019-02-27T10:29:53Z,Angel,French 79,4ypGiU9tDblWohlpq7HAzu,spotify:track:4ypGiU9tDblWohlpq7HAzu
2019-02-27T10:29:52Z,Diamond Veins (feat. Sarah Rebecca),French 79,5G0oVoL309pqsvGDzhMOwx,spotify:track:5G0oVoL309pqsvGDzhMOwx
2019-02-27T10:29:52Z,American Woman,Lenny Kravitz,3X6iIrFuQoCshIWBseEKPl,spotify:track:3X6iIrFuQoCshIWBseEKPl
2019-02-27T10:29:51Z,Saturday Night’s Alright (For Fighting) - Remastered 2014,Elton John,12yHvSYFXI7PGzNecUvIDu,spotify:track:12yHvSYFXI7PGzNecUvIDu
2019-02-27T10:29:49Z,Complicated (feat. Kiiara),Dimitri Vegas & Like Mike,1Sl3njkhhz8nrSPZroDQ82,spotify:track:1Sl3njkhhz8nrSPZroDQ82
2019-02-27T10:29:49Z,Devil in Me (feat. Joe Killington & Duane Harden),Purple Disco Machine,41rOnZXVg3cLacziEBgkpW,spotify:track:41rOnZXVg3cLacziEBgkpW
2019-02-27T10:29:49Z,Long Train Runnin',The Doobie Brothers,4nXkbcTj3nyww1cHkw5RAP,spotify:track:4nXkbcTj3nyww1cHkw5RAP
2019-02-27T10:29:48Z,Nothing Else Matters,Metallica,0nLiqZ6A27jJri2VCalIUs,spotify:track:0nLiqZ6A27jJri2VCalIUs
2019-02-27T10:29:48Z,Walkin' On The Sun,Smash Mouth,4TQeNHx85xcP9YRkvJC6K1,spotify:track:4TQeNHx85xcP9YRkvJC6K1
2019-02-27T10:29:46Z,First,Cold War Kids,0kuSx4Cm1q6N6pOmCI9CRY,spotify:track:0kuSx4Cm1q6N6pOmCI9CRY
2019-02-27T10:29:45Z,You're Gonna Go Far, Kid,The Offspring,6TfBA04WJ3X1d1wXhaCFVT,spotify:track:6TfBA04WJ3X1d1wXhaCFVT
2019-02-27T10:29:45Z,Mr. Jones,Counting Crows,5DiXcVovI0FcY2s0icWWUu,spotify:track:5DiXcVovI0FcY2s0icWWUu
2019-02-27T10:29:45Z,Fortunate Son,Creedence Clearwater Revival,4BP3uh0hFLFRb5cjsgLqDh,spotify:track:4BP3uh0hFLFRb5cjsgLqDh
2019-02-27T10:29:44Z,Remind Me,Eminem,5uvwJAheJJEkgu88t3Wqf5,spotify:track:5uvwJAheJJEkgu88t3Wqf5
2019-02-27T10:29:43Z,Shine - Kygo Remix / Single Edit,Benjamin Francis Leftwich,4NN9IyaBZRM08WLVi7P2bw,spotify:track:4NN9IyaBZRM08WLVi7P2bw
2019-02-27T10:29:43Z,Whatever It Takes,Imagine Dragons,6Qn5zhYkTa37e91HC1D7lb,spotify:track:6Qn5zhYkTa37e91HC1D7lb
2019-02-27T10:29:42Z,All My Days,Alexi Murdoch,7yvxnSAfrtFBtbyauKU8PO,spotify:track:7yvxnSAfrtFBtbyauKU8PO
2019-02-27T10:29:40Z,Work It Out,Tiggs Da Author,0U5xO0xStk6IR75klTbsaU,spotify:track:0U5xO0xStk6IR75klTbsaU
2019-02-27T10:29:40Z,Follow The Sun,Xavier Rudd,3Y7fpFZbHLpAvWJJYGehz0,spotify:track:3Y7fpFZbHLpAvWJJYGehz0
2019-02-27T10:29:39Z,Freedom,Pharrell Williams,6RB9YvNyP0RZfCUcMtZELH,spotify:track:6RB9YvNyP0RZfCUcMtZELH
2019-02-27T10:29:39Z,Waiting for the Summer,Deepend,3fYXJrNuLAGKZvcIMGG484,spotify:track:3fYXJrNuLAGKZvcIMGG484
2019-02-27T10:29:38Z,But I Do,Poldoore,4ox2odCf0XL0g6692URWwe,spotify:track:4ox2odCf0XL0g6692URWwe
2019-02-27T10:29:38Z,Yeah Yeah Yeah,Kognitif,5u2chFalnZgdgN8K3YKxI0,spotify:track:5u2chFalnZgdgN8K3YKxI0